size,method1,method2,method3,std_mt19937
1000,2.3135e-05,1.464e-06,4.41e-06,6.87e-06
5000,0.000122093,7.138e-06,2.1923e-05,3.217e-05
10000,0.000227555,1.4305e-05,4.3813e-05,6.426e-05
50000,0.00108199,7.2902e-05,0.000222147,0.000321297
100000,0.00149978,0.00015545,0.000413769,0.000619106
500000,0.00714234,0.000812095,0.00191046,0.00319392
1000000,0.00880865,0.00187514,0.0030535,0.00638004
